HR,Dew point
5,3.9054025454329278
10,14.045368728872857
15,20.324253518580218
20,24.93423422371845
25,28.595760636629702
30,31.640302464834463
